Аксакова Жанна Мирославовна;18PI-2
Аксенчук Татьяна Филипповна;18PI-2
Александрович Дарья Бориславовна;18PMI-1
Алябьев Виталий Климентович;18PMI-1
Барсова Анфиса Ярославовна;18PI-1
Бебнева Ольга Сигизмундовна;18PMI-2
Будылин Касьян Геннадиевич;18PI-1
Васнецова Наталья Казимировна;18PMI-1
Веретёнов Адам Макарович;18PMI-1
Вершинина Антонина Максимильяновна;18PI-1
Веселовский Гавриил Леонидович;18PI-2
Викариева Тамара Владиславовна;18PMI-1
Вольваков Кузьма Трофимович;18PI-1
Вотякова Аза Мефодиевна;18PMI-1
Грибоедова Лада Евлампиевна;18PMI-1
Грязнов Максимильян Архипович;18PI-2
Другаков Иван Агапович;18PMI-1
Емельяненко Виктория Максимовна;18PI-1
Ерёмин Алексей Севастьянович;18PI-2
Зайцева Яна Эдуардовна;18PI-1
Иванникова Инесса Никоновна;18PI-2
Ивашечкин Эмиль Викентиевич;18PMI-1
Ильинская Кристина Вацлавовна;18PMI-2
Кальченко Ефросинья Зиновьевна;18PMI-2
Карантиров Иосиф Андроникович;18PI-1
Каретников Владимир Савелиевич;18PMI-2
Каримов Яков Саввевич;18PMI-1
Карюкина Инна Вениаминовна;18PMI-1
Касимов Капитон Измаилович;18PI-1
Качурин Мефодий Феликсович;18PI-1
Качурина Диана Леонидовна;18PI-2
Каширин Серафим Тимурович;18PMI-1
Кетов Григорий Модестович;18PI-2
Килин Андриян Пахомович;18PI-1
Клюкина Лариса Петровна;18PMI-2
Ковалевская Бронислава Тарасовна;18PI-2
Колесов Евграф Филиппович;18PMI-2
Колущинская Всеслава Владиленовна;18PMI-1
Конак Альбина Эрнестовна;18PI-2
Кочкорбаева Нина Клавдиевна;18PMI-1
Кузина Эвелина Александровна;18PMI-2
Кузьминых Елизавета Радионовна;18PI-1
Куклин Ефрем Титович;18PMI-1
Кулешов Валерьян Куприянович;18PI-2
Кумиров Иннокентий Сигизмундович;18PMI-2
Лелух Людмила Артуровна;18PI-2
Лукашенко Элеонора Якубовна;18PI-1
Медведев Карл Адрианович;18PMI-1
Мигунова Зинаида Венедиктовна;18PMI-1
Михеев Чеслав Никонович;18PMI-2
Мухортова Ираида Герасимовна;18PMI-2
Мячин Натан Алексеевич;18PI-2
Набиуллина Эмилия Егоровна;18PI-1
Нежданов Лаврентий Михеевич;18PMI-2
Нотович Любовь Андреевна;18PI-1
Перешивкина Изабелла Степановна;18PMI-2
Подчасова Валерия Антоновна;18PI-1
Поличева Роза Матвеевна;18PI-1
Половцев Никанор Анатолиевич;18PI-1
Пургина Марта Агафоновна;18PMI-1
Пырьев Измаил Феоктистович;18PI-2
Раскатова Владислава Евгениевна;18PMI-2
Рудников Изяслав Платонович;18PMI-1
Рыжов Вацлав Ростиславович;18PI-1
Рыкова Ника Алексеевна;18PI-1
Савватимова Анисья Кондратьевна;18PMI-2
Салтанова Анна Несторовна;18PI-1
Салтыков Прокл Евгениевич;18PI-1
Северов Даниил Герасимович;18PMI-2
Сиянских Лев Наумович;18PI-2
Скворцов Парфен Арсениевич;18PMI-1
Спанова Злата Иосифовна;18PMI-2
Субботина Ефросиния Платоновна;18PMI-2
Суружу Евстигней Натанович;18PMI-2
Сусляков Клавдий Евстафиевич;18PMI-2
Сыромятников Павел Никанорович;18PI-1
Трибой Владислав Леонович;18PMI-1
Тукай Адриан Даниилович;18PI-2
Тяпичева Маргарита Никитевна;18PI-1
Усилова Мирослава Эммануиловна;18PMI-2
Хейчеева Василиса Сидоровна;18PI-2
Херман Тимофей Давыдович;18PI-1
Чежеков Евдоким Епифанович;18PMI-1
Черкашин Савелий Миронович;18PMI-1
Черников Владлен Всеволодович;18PI-1
Чупров Вадим Чеславович;18PI-2
Шандарова Эльвира Харитоновна;18PI-1
Шевелёка Каролина Савелиевна;18PI-2
Шипеева Агафья Аристарховна;18PMI-2
Шуршалин Богдан Аполлинариевич;18PI-1
Энтин Бронислав Ильевич;18PI-2
Эскина Марфа Константиновна;18PI-2
Юнге Фома Ираклиевич;18PI-2
Ягуткина Алиса Марковна;18PI-2
Якунин Фока Панкратиевич;18PMI-2
Якушев Михей Евлампиевич;18PI-2
Якушевич Валерий Валериевич;18PMI-2
Яловкин Варфоломей Касьянович;18PI-1
Ямзина Лидия Ивановна;18PI-2
Яржемковская Ева Михеевна;18PMI-1